"","user_login","primer_registro","ultimo_registro","registros","tiempo_activo","registros_x_tiempo","categoria_usuario"
"1","aarondames","2022-01-20 15:37:35 UTC","2022-02-05 18:47:24 UTC",3,17.1318171296296,0.175112772760776,"principiante"
"2","aaronfirestein","2022-07-31 01:36:17 UTC","2022-08-02 01:20:11 UTC",2,2.98881944444444,0.669160528822696,"principiante"
"3","abelardomendesjr","2022-01-18 01:33:10 UTC","2022-08-09 23:41:23 UTC",9,204.922372685185,0.0439190698510327,"principiante"
"4","abhinya_p","2021-10-20 05:43:03 UTC","2021-10-20 05:43:03 UTC",1,1,1,"principiante"
"5","abrilgn","2021-12-26 17:55:19 UTC","2021-12-26 17:55:19 UTC",1,1,1,"principiante"
"6","adiesusan","2022-10-30 14:26:02 UTC","2022-10-30 14:26:02 UTC",1,1,1,"principiante"
"7","adrianowb","2019-10-13 16:06:23 UTC","2019-10-19 14:07:35 UTC",3,6.9175,0.433682688832671,"principiante"
"8","aguaraguazu","2021-05-30 19:54:04 UTC","2021-05-30 19:54:04 UTC",1,1,1,"principiante"
"9","agustin_fresco","2018-06-25 21:54:13 UTC","2018-06-25 21:54:13 UTC",1,1,1,"principiante"
"10","ajfaggiani","2020-03-28 22:40:13 UTC","2020-04-03 16:55:25 UTC",6,6.76055555555556,0.887501027200263,"principiante"
"11","akilee","2020-01-05 23:10:14 UTC","2020-01-05 23:10:14 UTC",1,1,1,"principiante"
"12","alasazules","2021-01-19 00:09:54 UTC","2021-03-27 14:41:56 UTC",2,68.6055787037037,0.0291521482332752,"principiante"
"13","alberto_b__schwonke","2020-11-11 18:10:45 UTC","2020-11-11 18:10:45 UTC",1,1,1,"principiante"
"14","alberto_br","2021-12-17 22:16:55 UTC","2021-12-17 22:16:55 UTC",1,1,1,"principiante"
"15","albertofr","2022-04-23 19:49:54 UTC","2022-04-23 19:49:54 UTC",1,1,1,"principiante"
"16","ale_bu","2020-11-18 19:06:43 UTC","2020-11-18 19:06:43 UTC",1,1,1,"principiante"
"17","alec_mcclay","2021-04-17 19:38:16 UTC","2021-04-17 19:38:16 UTC",2,1,2,"principiante"
"18","alecuervo","2019-11-11 01:26:02 UTC","2019-11-11 01:26:02 UTC",1,1,1,"principiante"
"19","alejandropuente","2020-09-09 23:03:21 UTC","2020-12-05 02:16:49 UTC",2,87.1343518518518,0.0229530599298019,"principiante"
"20","alejo17","2022-02-11 19:02:23 UTC","2022-02-11 19:02:23 UTC",1,1,1,"principiante"
"21","alelallo","2022-04-06 05:10:39 UTC","2022-04-06 05:37:31 UTC",3,1.01865740740741,2.94505294732536,"principiante"
"22","alex-chama","2019-09-16 17:44:45 UTC","2019-09-16 17:44:45 UTC",1,1,1,"principiante"
"23","alexagallardolafon","2022-04-12 19:00:34 UTC","2022-04-12 19:00:34 UTC",1,1,1,"principiante"
"24","alexbarnard","2022-10-22 21:50:11 UTC","2022-10-22 23:07:54 UTC",6,1.05396990740741,5.69276215367383,"principiante"
"25","alicia_mercedes_zarauz_silva","2022-03-24 19:06:45 UTC","2022-03-24 19:06:45 UTC",1,1,1,"principiante"
"26","alitameichtry","2021-05-15 11:40:09 UTC","2021-05-16 12:39:08 UTC",2,2.04096064814815,0.979930701659871,"principiante"
"27","alvaro_panzitta","2021-05-14 00:14:11 UTC","2021-05-14 00:14:12 UTC",2,1.00001157407407,1.99997685211977,"principiante"
"28","alvarojaramillo","2019-10-31 16:05:25 UTC","2019-10-31 16:05:25 UTC",1,1,1,"principiante"
"29","amaliafuertes","2020-03-18 21:31:25 UTC","2020-07-10 23:53:32 UTC",6,115.09869212963,0.0521291761790179,"principiante"
"30","amandawhitmire","2022-10-16 14:46:00 UTC","2022-10-16 14:46:00 UTC",1,1,1,"principiante"
"31","ameguin","2019-12-27 03:30:59 UTC","2019-12-27 03:30:59 UTC",2,1,2,"principiante"
"32","ana_lucia10","2021-10-26 18:15:11 UTC","2021-10-26 18:15:11 UTC",1,1,1,"principiante"
"33","ana_ppll","2021-01-21 23:51:09 UTC","2021-01-21 23:59:22 UTC",2,1.00570601851852,1.98865271080524,"principiante"
"34","anahi119","2022-10-15 18:43:52 UTC","2022-11-01 20:01:46 UTC",2,18.0540972222222,0.110778178237473,"principiante"
"35","anahi65","2019-04-01 19:39:14 UTC","2019-04-01 19:39:14 UTC",1,1,1,"principiante"
"36","anaineszanfabrobulfo","2019-01-30 22:05:08 UTC","2019-01-31 11:14:54 UTC",3,1.54844907407407,1.9374224507796,"principiante"
"37","anapaolucci","2021-11-20 18:04:27 UTC","2021-11-20 18:04:27 UTC",1,1,1,"principiante"
"38","andre156","2020-04-22 02:51:12 UTC","2020-04-22 02:51:12 UTC",1,1,1,"principiante"
"39","andrea0401","2022-05-14 18:58:08 UTC","2022-09-04 01:34:16 UTC",8,113.275092592593,0.0706245284545735,"principiante"
"40","andrespautasso","2019-12-28 21:11:42 UTC","2019-12-28 21:11:42 UTC",1,1,1,"principiante"
"41","andycaruso","2019-01-15 13:48:44 UTC","2022-01-13 19:01:28 UTC",9,1095.21717592593,0.00821754826150454,"principiante"
"42","ange2312","2021-09-17 12:34:43 UTC","2021-09-17 12:48:51 UTC",2,1.00981481481481,1.98056115899505,"principiante"
"43","angela153","2018-04-28 01:45:31 UTC","2018-04-28 01:45:31 UTC",1,1,1,"principiante"
"44","angelotenfennicoladeli","2021-12-22 19:46:09 UTC","2021-12-28 13:58:49 UTC",9,6.7587962962963,1.33159805466128,"principiante"
"45","anibalnoro","2022-04-02 02:08:17 UTC","2022-04-02 02:11:19 UTC",2,1.00210648148148,1.99579589291077,"principiante"
"46","antjuna_cc","2021-09-05 23:28:09 UTC","2021-09-05 23:28:09 UTC",1,1,1,"principiante"
"47","antonellaferraina","2020-09-22 11:11:26 UTC","2020-09-22 11:13:37 UTC",3,1.0015162037037,2.99545827506905,"principiante"
"48","antonio1712","2022-02-19 21:40:00 UTC","2022-02-19 21:45:38 UTC",2,1.00391203703704,1.99220641472019,"principiante"
"49","ar-ruz","2022-08-12 23:13:37 UTC","2022-08-17 01:11:12 UTC",6,5.08165509259259,1.18071767773969,"principiante"
"50","ariane_sadhaka","2021-11-27 02:09:22 UTC","2021-11-27 02:09:22 UTC",1,1,1,"principiante"
"51","arnel","2018-03-20 05:02:18 UTC","2019-12-24 09:46:46 UTC",66,645.197546296296,0.102294251394581,"principiante"
"52","arrietajuliohotmailcom","2020-06-21 13:14:53 UTC","2020-06-21 13:14:53 UTC",1,1,1,"principiante"
"53","aruaco","2021-04-29 03:20:04 UTC","2021-04-29 03:20:04 UTC",1,1,1,"principiante"
"54","asterisktom","2021-02-12 14:19:58 UTC","2021-02-12 14:32:56 UTC",4,1.00900462962963,3.96430292046158,"principiante"
"55","astridnautas","2020-05-14 04:39:25 UTC","2022-10-17 01:57:01 UTC",234,886.887222222222,0.263844144031842,"intermedio"
"56","augusto_rocca","2021-01-10 01:05:56 UTC","2022-01-01 20:15:50 UTC",3,357.798541666667,0.00838460656107109,"principiante"
"57","augusto118","2022-09-28 16:21:59 UTC","2022-09-28 16:21:59 UTC",1,1,1,"principiante"
"58","aurelien_miralles","2017-08-27 16:53:06 UTC","2017-08-27 17:13:51 UTC",10,1.01440972222222,9.85794968338183,"principiante"
"59","avallejo","2020-01-05 14:40:58 UTC","2020-01-05 14:40:58 UTC",1,1,1,"principiante"
"60","ayan_fleischmann","2020-09-03 22:57:02 UTC","2020-09-03 22:57:02 UTC",1,1,1,"principiante"
"61","azambolli","2022-06-28 00:29:53 UTC","2022-06-29 15:07:14 UTC",3,2.60927083333333,1.14974649686614,"principiante"
"62","azbozzetto","2019-08-02 23:41:59 UTC","2019-08-02 23:45:22 UTC",2,1.00234953703704,1.9953119406949,"principiante"
"63","barrylyons","2020-02-06 16:07:35 UTC","2020-11-13 16:07:06 UTC",68,281.999664351852,0.241135038782019,"intermedio"
"64","bartzed","2020-02-10 13:17:02 UTC","2020-02-10 13:17:02 UTC",1,1,1,"principiante"
"65","beavisnail","2020-05-15 23:34:43 UTC","2020-05-15 23:34:43 UTC",2,1,2,"principiante"
"66","belen76","2021-10-14 18:57:38 UTC","2021-10-14 18:57:38 UTC",1,1,1,"principiante"
"67","belendri","2021-03-30 20:11:34 UTC","2021-03-30 20:11:34 UTC",1,1,1,"principiante"
"68","bellinotto","2019-12-31 23:35:32 UTC","2019-12-31 23:35:32 UTC",1,1,1,"principiante"
"69","benediktschnitzer","2022-01-29 17:54:02 UTC","2022-01-29 17:54:02 UTC",1,1,1,"principiante"
"70","bewambay","2017-07-24 15:52:38 UTC","2017-07-24 15:52:38 UTC",2,1,2,"principiante"
"71","bianca_darski","2020-09-14 02:46:48 UTC","2020-09-14 03:24:23 UTC",3,1.02609953703704,2.92369296711973,"principiante"
"72","bigoti","2020-06-04 22:20:38 UTC","2020-08-01 14:13:45 UTC",4,58.6618865740741,0.068187374010706,"principiante"
"73","bionautauru","2020-02-19 02:01:03 UTC","2020-02-19 02:01:15 UTC",4,1.00013888888889,3.99944452159422,"principiante"
"74","birdplant","2022-06-15 14:18:16 UTC","2022-06-15 14:18:16 UTC",1,1,1,"principiante"
"75","birdspaz","2022-10-28 19:40:24 UTC","2022-10-28 19:40:24 UTC",1,1,1,"principiante"
"76","blair_cowie","2022-01-16 17:37:28 UTC","2022-01-16 17:42:55 UTC",2,1.00378472222222,1.99245909578332,"principiante"
"77","bob_mckelvey","2022-05-04 04:48:29 UTC","2022-05-04 04:48:29 UTC",1,1,1,"principiante"
"78","bob15noble","2019-02-24 14:57:50 UTC","2019-03-20 15:28:34 UTC",31,25.0213425925926,1.23894231036097,"principiante"
"79","bolivershagnastic","2022-03-17 17:12:33 UTC","2022-03-17 17:55:36 UTC",4,1.02989583333333,3.88388793365025,"principiante"
"80","bombin","2019-04-12 10:48:36 UTC","2022-08-12 19:47:35 UTC",28,1219.37429398148,0.022962596585971,"principiante"
"81","boogan_boy","2021-11-11 22:17:28 UTC","2022-04-01 16:25:35 UTC",10,141.755636574074,0.0705439320910144,"principiante"
"82","bradmoon","2018-12-14 04:30:28 UTC","2018-12-14 05:44:49 UTC",17,1.05163194444444,16.1653514709281,"principiante"
"83","brendakend","2020-06-26 06:43:12 UTC","2020-06-26 06:43:12 UTC",1,1,1,"principiante"
"84","brunacizmic","2020-04-12 15:14:00 UTC","2020-04-12 15:14:00 UTC",1,1,1,"principiante"
"85","bubbalow","2019-03-07 21:08:36 UTC","2019-03-07 21:08:36 UTC",1,1,1,"principiante"
"86","bubblegumteary","2022-07-12 23:58:47 UTC","2022-08-13 12:42:25 UTC",4,32.5303009259259,0.122962280893384,"principiante"
"87","buddyfede","2019-12-13 22:23:01 UTC","2021-03-07 19:08:25 UTC",6,450.864861111111,0.0133077569744815,"principiante"
"88","bwessling","2019-04-01 05:49:02 UTC","2019-04-01 05:49:02 UTC",1,1,1,"principiante"
"89","calidrisesperanza","2021-03-20 22:09:17 UTC","2021-03-20 22:09:19 UTC",6,1.00002314814815,5.99986111432606,"principiante"
"90","call_me_ishmael","2019-07-29 22:55:04 UTC","2019-07-29 22:55:04 UTC",1,1,1,"principiante"
"91","camilagarciap","2022-02-07 00:48:38 UTC","2022-08-05 21:12:43 UTC",14,180.85005787037,0.0774121953006778,"principiante"
"92","capacoscar","2020-05-31 05:38:10 UTC","2020-05-31 05:38:11 UTC",2,1.00001157407407,1.99997685211977,"principiante"
"93","carancho","2017-04-04 05:23:55 UTC","2018-08-13 04:37:07 UTC",123,496.9675,0.247501094135934,"intermedio"
"94","carlos-nat","2018-07-09 13:51:37 UTC","2018-07-09 13:55:16 UTC",2,1.00253472222222,1.99494337270114,"principiante"
"95","carlos_miranda","2019-05-13 15:00:54 UTC","2019-05-13 15:00:54 UTC",1,1,1,"principiante"
"96","carlos1041","2020-03-28 01:59:20 UTC","2020-03-28 01:59:20 UTC",1,1,1,"principiante"
"97","carlos2194","2022-05-10 19:02:33 UTC","2022-05-10 19:02:33 UTC",1,1,1,"principiante"
"98","carloseisele","2020-03-28 21:41:30 UTC","2020-03-28 21:41:30 UTC",1,1,1,"principiante"
"99","carmen556","2022-01-06 11:19:25 UTC","2022-01-09 21:02:18 UTC",3,4.40478009259259,0.681078268820962,"principiante"
"100","carmentavares","2021-08-21 22:53:05 UTC","2021-08-21 23:28:06 UTC",5,1.02431712962963,4.88130077626241,"principiante"
"101","casolari","2018-08-04 16:29:06 UTC","2018-12-30 16:27:42 UTC",2,148.999027777778,0.0134229063761602,"principiante"
"102","cat_the_scholar","2022-04-10 22:19:01 UTC","2022-04-10 22:19:01 UTC",1,1,1,"principiante"
"103","catap","2021-05-02 15:22:20 UTC","2022-03-26 16:30:02 UTC",3,329.047013888889,0.00911723818594818,"principiante"
"104","ccanet","2018-12-02 01:04:50 UTC","2018-12-02 03:19:38 UTC",13,1.09361111111111,11.8872237744475,"principiante"
"105","ccfisher","2021-01-10 16:17:02 UTC","2021-01-10 16:17:02 UTC",1,1,1,"principiante"
"106","cdiaz_m","2020-05-17 23:29:04 UTC","2020-05-17 23:31:07 UTC",21,1.00142361111111,20.9701466662044,"principiante"
"107","ceronfabio","2018-02-25 23:55:50 UTC","2018-02-25 23:55:50 UTC",1,1,1,"principiante"
"108","charlie_myles","2022-02-10 23:26:42 UTC","2022-02-10 23:33:17 UTC",2,1.00457175925926,1.99089809320813,"principiante"
"109","chartuso","2020-02-01 02:13:42 UTC","2020-02-01 02:13:42 UTC",2,1,2,"principiante"
"110","chebizarro","2020-01-22 18:22:11 UTC","2020-01-22 18:22:11 UTC",1,1,1,"principiante"
"111","choriplanti","2020-03-29 13:32:59 UTC","2020-03-29 13:32:59 UTC",1,1,1,"principiante"
"112","christiangilli","2020-03-01 17:10:03 UTC","2021-02-21 12:53:23 UTC",4,357.821759259259,0.0111787500242594,"principiante"
"113","chuck47","2019-04-17 14:57:57 UTC","2019-04-17 15:47:39 UTC",25,1.03451388888889,24.1659394508962,"principiante"
"114","chumbo1","2021-04-16 15:11:30 UTC","2022-09-03 23:38:06 UTC",14,506.351805555556,0.0276487608938998,"principiante"
"115","cidawerneck","2019-10-18 22:19:57 UTC","2022-10-05 02:15:43 UTC",22,1083.16372685185,0.020310872174368,"principiante"
"116","claitonlenz","2021-01-08 14:32:49 UTC","2021-01-09 16:07:58 UTC",4,2.06607638888889,1.93603683847873,"principiante"
"117","clara_florencia","2020-03-16 22:06:02 UTC","2020-03-16 22:06:10 UTC",2,1.00009259259259,1.99981483196,"principiante"
"118","claradd","2020-11-20 17:27:49 UTC","2020-11-20 17:27:49 UTC",1,1,1,"principiante"
"119","claradlc","2020-12-12 14:37:52 UTC","2020-12-12 14:37:52 UTC",1,1,1,"principiante"
"120","claudia_ma","2022-09-17 16:18:49 UTC","2022-09-17 16:18:49 UTC",1,1,1,"principiante"
"121","claudianicolow","2020-12-20 22:46:50 UTC","2021-12-02 00:29:56 UTC",14,347.071597222222,0.0403374984068089,"principiante"
"122","cmhf","2018-08-13 14:08:35 UTC","2018-08-13 14:08:35 UTC",1,1,1,"principiante"
"123","connie163","2020-01-19 17:16:33 UTC","2020-01-19 17:16:33 UTC",1,1,1,"principiante"
"124","connrcrane","2020-05-01 19:05:37 UTC","2020-05-01 19:05:37 UTC",1,1,1,"principiante"
"125","corygiacobbe","2020-07-23 21:02:46 UTC","2020-08-04 08:31:50 UTC",52,12.4785185185185,4.16716134393921,"principiante"
"126","craftybirder","2017-05-20 20:16:19 UTC","2017-05-21 02:42:56 UTC",13,1.2684837962963,10.2484557059044,"principiante"
"127","cris131","2020-12-25 15:20:30 UTC","2020-12-25 15:20:30 UTC",1,1,1,"principiante"
"128","cristiandibattista","2019-02-07 18:57:53 UTC","2019-02-07 18:57:53 UTC",1,1,1,"principiante"
"129","damiii","2022-10-15 18:33:11 UTC","2022-10-15 18:33:11 UTC",1,1,1,"principiante"
"130","danialdias","2020-09-24 16:02:00 UTC","2022-07-06 16:40:33 UTC",90,651.026770833333,0.13824316300357,"principiante"
"131","daniel4172","2019-02-11 23:56:27 UTC","2019-02-11 23:56:27 UTC",1,1,1,"principiante"
"132","danielaleiva","2020-08-06 18:35:02 UTC","2020-08-06 18:35:02 UTC",1,1,1,"principiante"
"133","danielgonzalez2","2019-10-08 12:13:22 UTC","2019-10-10 17:17:30 UTC",3,3.2112037037037,0.934229116807474,"principiante"
"134","daniellemurcia","2017-07-23 13:47:14 UTC","2017-07-23 13:47:14 UTC",1,1,1,"principiante"
"135","danielt","2017-12-12 19:09:03 UTC","2017-12-17 22:34:48 UTC",60,6.14288194444444,9.76740242489331,"principiante"
"136","danilo45","2020-03-09 19:13:53 UTC","2022-04-17 04:05:10 UTC",23,769.368946759259,0.0298946300040842,"principiante"
"137","danimeneses","2020-12-10 13:50:00 UTC","2021-01-06 14:46:03 UTC",4,28.0389236111111,0.142658828686808,"principiante"
"138","david0478","2019-11-03 15:08:25 UTC","2019-11-03 15:08:25 UTC",1,1,1,"principiante"
"139","david3366","2020-08-02 17:34:33 UTC","2020-09-26 21:50:10 UTC",2,56.1775115740741,0.0356014345235434,"principiante"
"140","davidacunhamorales","2020-03-09 02:08:37 UTC","2020-03-09 02:08:37 UTC",1,1,1,"principiante"
"141","dbrindl","2020-02-17 13:28:30 UTC","2020-02-18 20:49:13 UTC",2,2.30605324074074,0.867282664886596,"principiante"
"142","delfinaymarysol1","2022-03-18 22:23:17 UTC","2022-03-18 22:23:17 UTC",1,1,1,"principiante"
"143","delfor","2022-10-23 12:06:58 UTC","2022-10-23 12:06:58 UTC",1,1,1,"principiante"
"144","dermochelys","2022-06-16 15:59:09 UTC","2022-10-24 22:05:02 UTC",19,131.254085648148,0.144757398645351,"principiante"
"145","dianafr","2018-09-04 01:25:10 UTC","2022-05-04 06:01:46 UTC",105,1339.19208333333,0.0784054814143229,"principiante"
"146","diane30","2017-01-03 15:18:09 UTC","2017-01-03 15:18:09 UTC",1,1,1,"principiante"
"147","diego_silva2","2022-06-09 16:41:44 UTC","2022-06-09 16:41:44 UTC",1,1,1,"principiante"
"148","diego_v","2020-03-29 17:57:22 UTC","2022-03-13 16:45:39 UTC",46,714.950196759259,0.0643401459409477,"principiante"
"149","diegoalmendras","2019-11-11 17:37:34 UTC","2019-12-02 16:08:11 UTC",89,21.9379282407407,4.05690086243964,"principiante"
"150","diegoarosa","2019-05-18 21:34:52 UTC","2020-05-08 14:18:34 UTC",12,356.697013888889,0.0336419973612058,"principiante"
"151","diegopatino","2019-11-01 20:48:35 UTC","2019-11-23 13:46:55 UTC",8,22.7071759259259,0.352311534736735,"principiante"
"152","diho","2022-04-17 18:23:40 UTC","2022-04-17 18:23:40 UTC",1,1,1,"principiante"
"153","diogoprov","2019-01-09 13:55:35 UTC","2019-01-09 13:55:35 UTC",1,1,1,"principiante"
"154","dr_calamardo","2019-08-20 00:44:52 UTC","2019-08-23 19:05:24 UTC",3,4.76425925925926,0.629688653943328,"principiante"
"155","dragonajuli","2019-04-10 19:24:10 UTC","2019-04-21 19:23:02 UTC",11,11.999212962963,0.916726791494813,"principiante"
"156","drbmh","2020-02-28 21:29:41 UTC","2020-02-28 21:38:17 UTC",2,1.00597222222222,1.98812646693359,"principiante"
"157","drffederico","2021-07-20 01:51:02 UTC","2021-07-20 02:04:38 UTC",3,1.00944444444444,2.97193175564117,"principiante"
"158","drtupps","2017-04-02 01:40:37 UTC","2017-04-02 01:40:37 UTC",1,1,1,"principiante"
"159","e-soriano-vargas","2018-05-07 03:59:48 UTC","2022-10-13 05:21:20 UTC",3,1621.05662037037,0.00185064479691929,"principiante"
"160","e_volitans","2021-11-04 00:05:16 UTC","2021-11-04 00:05:16 UTC",1,1,1,"principiante"
"161","edgar312","2022-07-21 13:46:00 UTC","2022-07-21 13:46:00 UTC",1,1,1,"principiante"
"162","edithester","2020-09-14 16:33:35 UTC","2020-09-27 14:56:41 UTC",2,13.9327083333333,0.14354710887151,"principiante"
"163","edu_bal","2020-01-26 21:49:47 UTC","2020-07-27 04:41:01 UTC",6,183.285578703704,0.0327357997417762,"principiante"
"164","eduardo2","2019-12-28 06:13:50 UTC","2020-02-23 15:07:01 UTC",5,58.3702662037037,0.0856600513444761,"principiante"
"165","efpolcuch","2022-06-12 20:07:38 UTC","2022-06-12 20:07:38 UTC",1,1,1,"principiante"
"166","el-markos","2018-03-28 19:48:04 UTC","2018-03-29 01:21:12 UTC",3,1.23134259259259,2.43636500357183,"principiante"
"167","elbeltrocco","2019-06-25 12:28:44 UTC","2019-12-19 14:46:37 UTC",28,178.095752314815,0.157218797394478,"principiante"
"168","elo_gimenez_iros","2020-05-01 03:33:16 UTC","2020-05-01 03:43:19 UTC",4,1.00697916666667,3.97227681804076,"principiante"
"169","elsamastrangelo","2020-11-15 19:36:21 UTC","2020-11-15 19:36:21 UTC",1,1,1,"principiante"
"170","emilia_tauber","2021-12-17 23:36:56 UTC","2022-06-17 13:14:03 UTC",5,182.56744212963,0.0273871394684372,"principiante"
"171","emilialongoihlenfeld","2019-03-11 01:54:58 UTC","2020-11-01 20:08:05 UTC",8,602.759108796296,0.0132723004650662,"principiante"
"172","enriquecenoz","2022-09-30 01:51:27 UTC","2022-10-26 20:23:05 UTC",193,27.7719675925926,6.94945359404342,"principiante"
"173","erikthuesen","2019-10-14 00:25:31 UTC","2019-10-14 00:25:31 UTC",2,1,2,"principiante"
"174","erin1551","2019-10-26 00:23:28 UTC","2019-10-26 00:23:28 UTC",1,1,1,"principiante"
"175","ernesto1979","2020-12-27 22:33:36 UTC","2021-01-20 15:38:33 UTC",2,24.7117708333333,0.0809330910960954,"principiante"
"176","esoojins","2019-01-09 19:54:56 UTC","2019-01-09 19:57:37 UTC",2,1.00186342592593,1.99628007994362,"principiante"
"177","estrella_montalibet","2021-01-27 23:02:00 UTC","2021-01-27 23:02:00 UTC",1,1,1,"principiante"
"178","ezequielvera","2017-10-15 12:13:27 UTC","2021-08-04 18:31:09 UTC",16,1390.26229166667,0.0115086197014083,"principiante"
"179","fabio_mayer","2021-09-26 20:46:16 UTC","2021-09-26 21:00:20 UTC",9,1.00976851851852,8.91293384072257,"principiante"
"180","fabio_olmos","2022-02-10 18:13:11 UTC","2022-02-10 18:13:12 UTC",2,1.00001157407407,1.99997685211977,"principiante"
"181","fabrizio63","2019-05-17 01:06:11 UTC","2019-05-17 01:06:11 UTC",1,1,1,"principiante"
"182","facundo13","2022-10-11 19:09:42 UTC","2022-10-11 19:09:42 UTC",1,1,1,"principiante"
"183","fattigatti","2019-03-05 15:05:00 UTC","2019-03-05 15:05:00 UTC",1,1,1,"principiante"
"184","fede_carjuzaa","2021-01-26 04:57:55 UTC","2021-01-26 04:57:55 UTC",1,1,1,"principiante"
"185","felipebuquet","2020-02-22 19:33:59 UTC","2020-02-22 19:33:59 UTC",1,1,1,"principiante"
"186","fernando664","2020-11-26 18:11:55 UTC","2020-11-26 18:11:55 UTC",1,1,1,"principiante"
"187","flor111","2021-12-19 19:35:17 UTC","2021-12-19 19:35:17 UTC",1,1,1,"principiante"
"188","fontoto","2020-03-26 01:37:54 UTC","2020-03-26 01:37:54 UTC",1,1,1,"principiante"
"189","francihahn","2020-02-11 23:42:22 UTC","2020-02-11 23:42:22 UTC",1,1,1,"principiante"
"190","franciscoprado","2019-01-29 22:47:32 UTC","2021-05-17 17:31:49 UTC",2,839.780752314815,0.00238157399355379,"principiante"
"191","francoprimavesi","2022-02-23 23:03:53 UTC","2022-02-25 12:15:24 UTC",3,2.54966435185185,1.17662546359134,"principiante"
"192","frangtaboas","2020-02-23 01:29:11 UTC","2020-02-23 01:29:18 UTC",8,1.00008101851852,7.9993519043596,"principiante"
"193","frankowietcz","2022-10-27 16:26:47 UTC","2022-10-28 16:11:14 UTC",40,1.98920138888889,20.1085723262755,"principiante"
"194","fransustaita","2021-06-24 15:25:44 UTC","2021-06-24 15:25:44 UTC",1,1,1,"principiante"
"195","frbrvmrt","2022-09-24 18:33:47 UTC","2022-09-24 18:33:47 UTC",1,1,1,"principiante"
"196","fvaldesp_tutor","2019-05-28 19:14:47 UTC","2019-05-28 19:14:55 UTC",10,1.00009259259259,9.99907415980002,"principiante"
"197","gabriel_moulatlet","2017-09-27 11:51:49 UTC","2017-09-27 11:51:49 UTC",1,1,1,"principiante"
"198","gabrielhgs","2022-02-05 18:41:34 UTC","2022-02-05 18:41:34 UTC",1,1,1,"principiante"
"199","gantproductions","2014-04-27 02:17:25 UTC","2022-02-01 15:06:21 UTC",48,2838.53398148148,0.0169101375263255,"principiante"
"200","geopro777","2017-01-15 16:10:50 UTC","2018-04-04 16:00:06 UTC",4,444.992546296296,0.00898891460832833,"principiante"
"201","gera5","2019-04-02 12:05:16 UTC","2019-04-02 12:05:16 UTC",1,1,1,"principiante"
"202","ggroitman","2021-05-05 15:13:52 UTC","2021-05-05 15:13:52 UTC",1,1,1,"principiante"
"203","gime30stm","2020-08-05 22:06:08 UTC","2020-08-05 22:06:08 UTC",1,1,1,"principiante"
"204","giuliano_mb","2020-10-11 13:09:27 UTC","2020-10-11 13:09:27 UTC",1,1,1,"principiante"
"205","goldengator42849","2020-06-21 18:28:30 UTC","2021-12-13 20:00:14 UTC",11,541.063703703704,0.020330323258985,"principiante"
"206","goncrisdi","2018-12-04 03:48:02 UTC","2022-09-15 14:25:43 UTC",135,1382.44283564815,0.0976532240746911,"principiante"
"207","gonsaro","2019-05-02 03:19:08 UTC","2020-05-30 02:07:47 UTC",14,394.950451388889,0.035447484490187,"principiante"
"208","gonzalomios","2018-04-29 00:31:25 UTC","2018-04-29 00:36:37 UTC",4,1.00361111111111,3.98560752836978,"principiante"
"209","greenwarlock","2019-03-05 11:23:49 UTC","2020-07-05 13:49:25 UTC",4,489.101111111111,0.00817826806999689,"principiante"
"210","guada2","2019-01-30 15:25:29 UTC","2019-01-30 15:25:29 UTC",1,1,1,"principiante"
"211","guidocarini","2019-01-15 20:22:36 UTC","2019-01-15 20:22:36 UTC",1,1,1,"principiante"
"212","guille","2012-06-04 14:07:53 UTC","2020-02-01 22:14:23 UTC",29,2799.33784722222,0.0103595927261072,"principiante"
"213","guillermo126","2020-07-29 19:42:41 UTC","2020-07-29 19:42:41 UTC",1,1,1,"principiante"
"214","guillermo171","2020-08-05 18:19:23 UTC","2020-08-05 19:21:20 UTC",3,1.04302083333333,2.87626086088085,"principiante"
"215","gussoni","2021-04-19 21:24:01 UTC","2021-04-19 21:24:03 UTC",2,1.00002314814815,1.99995370477535,"principiante"
"216","gustavopuente","2020-07-22 00:28:53 UTC","2021-09-20 10:31:45 UTC",3,426.418657407407,0.0070353394437283,"principiante"
"217","hchavez","2020-05-09 09:06:56 UTC","2020-05-09 09:06:59 UTC",4,1.00003472222222,3.99986111593347,"principiante"
"218","heatherspence","2018-11-21 14:44:13 UTC","2018-11-21 14:44:13 UTC",1,1,1,"principiante"
"219","hector_de_la_quintana","2021-07-25 17:04:58 UTC","2021-07-25 17:04:58 UTC",1,1,1,"principiante"
"220","hernntolosa","2022-01-12 01:37:45 UTC","2022-05-15 19:34:02 UTC",2,124.747418981481,0.0160323958309462,"principiante"
"221","hoiman01","2021-04-19 14:03:34 UTC","2021-04-19 14:18:38 UTC",4,1.01046296296296,3.95858150829286,"principiante"
"222","honguitos","2020-10-19 12:42:27 UTC","2020-10-19 12:42:27 UTC",1,1,1,"principiante"
"223","hoppyacre","2018-12-20 12:16:56 UTC","2018-12-29 23:34:47 UTC",4,10.4707291666667,0.382017330057004,"principiante"
"224","hugo287","2020-06-23 16:59:02 UTC","2020-06-23 16:59:02 UTC",1,1,1,"principiante"
"225","hugoalbertovalderrey","2021-04-18 22:42:26 UTC","2021-04-18 22:42:26 UTC",1,1,1,"principiante"
"226","i_mahuika","2020-01-07 15:10:25 UTC","2020-01-07 15:10:25 UTC",1,1,1,"principiante"
"227","igmi","2019-04-05 18:00:41 UTC","2022-08-18 18:17:29 UTC",11,1232.01166666667,0.00892848687850629,"principiante"
"228","ignacio171","2021-11-20 12:23:29 UTC","2021-11-20 12:23:29 UTC",1,1,1,"principiante"
"229","ignacio201","2022-07-17 16:45:56 UTC","2022-07-17 16:45:56 UTC",1,1,1,"principiante"
"230","ines_da_rosa","2020-02-10 17:47:15 UTC","2020-02-10 17:47:15 UTC",1,1,1,"principiante"
"231","irenejhf","2022-03-28 14:53:23 UTC","2022-03-28 14:53:23 UTC",1,1,1,"principiante"
"232","iris","2011-07-18 19:43:31 UTC","2012-09-13 00:51:16 UTC",7,423.213715277778,0.0165401066820472,"principiante"
"233","isadoralhahn","2021-09-24 16:34:37 UTC","2021-09-24 16:34:37 UTC",1,1,1,"principiante"
"234","ismael_iv","2022-03-28 15:51:24 UTC","2022-03-28 15:51:24 UTC",1,1,1,"principiante"
"235","ismael191","2022-07-24 20:45:54 UTC","2022-08-07 02:56:47 UTC",2,14.2575578703704,0.140276477794022,"principiante"
"236","israel127","2020-06-21 22:40:02 UTC","2020-06-21 22:56:37 UTC",2,1.0115162037037,1.97722981863951,"principiante"
"237","ivanlfm","2022-06-19 02:40:06 UTC","2022-06-19 02:40:06 UTC",1,1,1,"principiante"
"238","iznob","2018-09-13 20:11:18 UTC","2018-09-13 20:11:18 UTC",1,1,1,"principiante"
"239","jac_serrano","2021-12-27 04:26:53 UTC","2021-12-27 04:26:53 UTC",1,1,1,"principiante"
"240","jacanteros","2018-02-19 04:00:05 UTC","2021-03-09 21:27:48 UTC",35,1115.72758101852,0.0313696645986374,"principiante"
"241","janelle_g","2020-02-05 21:48:26 UTC","2020-02-06 18:00:26 UTC",2,1.84166666666667,1.08597285067873,"principiante"
"242","janicemclaughlin","2022-05-04 17:17:02 UTC","2022-05-04 17:31:28 UTC",2,1.01002314814815,1.98015263676575,"principiante"
"243","javguigon","2020-04-09 01:39:42 UTC","2021-05-22 22:45:39 UTC",228,409.879131944444,0.556261546955026,"intermedio"
"244","javier106","2018-06-01 22:20:55 UTC","2022-09-25 00:21:52 UTC",137,1577.08399305556,0.0868691842687252,"principiante"
"245","javier487","2020-08-06 17:01:55 UTC","2020-10-13 17:54:39 UTC",2,69.0366203703704,0.0289701319281031,"principiante"
"246","jbar82","2018-11-08 13:28:46 UTC","2019-09-09 13:43:51 UTC",13,306.010474537037,0.042482205943008,"principiante"
"247","jbreinbauer","2019-11-10 00:01:27 UTC","2019-11-10 00:01:27 UTC",1,1,1,"principiante"
"248","jcmombach","2020-03-02 20:03:35 UTC","2020-03-02 20:03:35 UTC",1,1,1,"principiante"
"249","jeanjacquesgodon","2020-05-03 19:27:41 UTC","2021-01-15 14:22:52 UTC",8,257.788321759259,0.0310332133954111,"principiante"
"250","jeanpaulortiz","2020-07-19 23:21:22 UTC","2020-08-18 05:03:16 UTC",12,30.2374305555556,0.396859117309993,"principiante"
"251","jejimenez","2022-11-06 16:00:14 UTC","2022-11-06 16:00:14 UTC",1,1,1,"principiante"
"252","jessicarr415","2017-08-21 17:34:26 UTC","2017-08-21 21:34:06 UTC",5,1.16643518518519,4.2865647946021,"principiante"
"253","jessivlima","2022-01-29 15:46:13 UTC","2022-01-29 15:46:13 UTC",1,1,1,"principiante"
"254","jimjam920","2019-12-30 16:50:17 UTC","2019-12-31 00:32:07 UTC",4,1.32071759259259,3.02865655946017,"principiante"
"255","jjbonannod","2019-02-05 04:18:38 UTC","2020-05-03 16:14:39 UTC",9,454.497233796296,0.0198021007186894,"principiante"
"256","jmass","2020-01-29 23:08:00 UTC","2020-02-12 21:54:08 UTC",100,14.9487037037037,6.68954325285235,"principiante"
"257","jmmaes","2021-05-25 00:21:45 UTC","2021-05-25 00:21:45 UTC",1,1,1,"principiante"
"258","joacotr","2020-05-04 15:43:39 UTC","2020-05-04 15:43:39 UTC",1,1,1,"principiante"
"259","joan349","2022-03-05 13:25:36 UTC","2022-04-03 16:42:55 UTC",2,30.137025462963,0.0663635501273312,"principiante"
"260","joanmunchies","2019-12-08 11:25:25 UTC","2019-12-08 11:25:25 UTC",1,1,1,"principiante"
"261","joao_andriola","2020-05-14 00:20:08 UTC","2020-06-04 01:23:27 UTC",13,22.0439699074074,0.589730436695598,"principiante"
"262","joao_gava_just","2022-09-04 18:01:54 UTC","2022-09-04 18:01:54 UTC",1,1,1,"principiante"
"263","joaquinlape","2022-10-20 03:25:54 UTC","2022-10-31 20:34:37 UTC",65,12.7143865740741,5.11231899559681,"principiante"
"264","jocateme","2019-05-12 01:14:46 UTC","2019-05-12 01:14:46 UTC",1,1,1,"principiante"
"265","johnpage","2020-03-04 19:18:37 UTC","2020-03-04 19:18:57 UTC",2,1.00023148148148,1.99953714417959,"principiante"
"266","jolterdo","2020-12-08 20:32:44 UTC","2021-07-13 20:50:36 UTC",2,218.012407407407,0.00917378980299286,"principiante"
"267","jonathan","2013-09-29 03:57:53 UTC","2013-10-21 02:38:19 UTC",5,22.9030787037037,0.218311261323633,"principiante"
"268","jorgejuanrueda","2021-11-25 13:33:50 UTC","2022-10-20 12:50:14 UTC",230,329.969722222222,0.697033650393849,"intermedio"
"269","jorgemet","2021-12-15 16:17:50 UTC","2021-12-15 16:17:50 UTC",1,1,1,"principiante"
"270","jorgepi","2021-11-22 23:06:20 UTC","2021-11-22 23:06:20 UTC",1,1,1,"principiante"
"271","jose_luis_b","2020-01-23 17:13:17 UTC","2020-01-23 17:13:17 UTC",1,1,1,"principiante"
"272","jose1072","2021-05-17 02:38:17 UTC","2021-05-17 02:38:17 UTC",1,1,1,"principiante"
"273","jose1411","2021-10-31 00:30:57 UTC","2021-10-31 00:31:14 UTC",2,1.00019675925926,1.99960655889466,"principiante"
"274","joseph_anthony","2020-10-16 22:59:02 UTC","2020-10-16 22:59:02 UTC",1,1,1,"principiante"
"275","jspm","2019-02-17 13:23:15 UTC","2019-02-17 13:23:15 UTC",1,1,1,"principiante"
"276","juampazambra","2019-08-28 00:21:37 UTC","2019-08-28 00:21:37 UTC",1,1,1,"principiante"
"277","juan_pablo_de_souza","2022-03-26 14:49:43 UTC","2022-11-04 13:33:03 UTC",3,223.946759259259,0.013396041139077,"principiante"
"278","juan_pardo1","2021-08-09 20:57:23 UTC","2021-08-09 20:57:23 UTC",1,1,1,"principiante"
"279","juana_ines","2022-10-09 20:42:53 UTC","2022-10-09 20:42:53 UTC",1,1,1,"principiante"
"280","juanandresvieralopez","2020-01-03 11:11:10 UTC","2020-01-11 17:43:18 UTC",2,9.27231481481481,0.215695868824957,"principiante"
"281","juandu98","2018-11-02 18:09:12 UTC","2018-11-02 18:09:12 UTC",1,1,1,"principiante"
"282","juanmmartinez","2019-12-25 12:29:45 UTC","2022-08-07 03:34:03 UTC",11,956.627986111111,0.0114987227633986,"principiante"
"283","juanmolachino","2020-07-13 20:11:36 UTC","2020-07-13 20:11:36 UTC",1,1,1,"principiante"
"284","jujo","2017-11-24 09:45:25 UTC","2017-11-25 06:27:35 UTC",5,1.86261574074074,2.68439694277015,"principiante"
"285","julian_dominguez","2022-03-02 02:39:12 UTC","2022-03-02 02:44:27 UTC",4,1.00364583333333,3.98546964193046,"principiante"
"286","juliansabattini","2020-07-26 22:37:22 UTC","2021-11-20 12:11:50 UTC",10,482.565601851852,0.0207225711107979,"principiante"
"287","julianwo","2020-01-01 18:35:42 UTC","2020-01-03 17:01:52 UTC",2,2.93483796296296,0.68146862799227,"principiante"
"288","jv_montoya","2020-05-02 20:25:00 UTC","2020-05-02 20:25:00 UTC",1,1,1,"principiante"
"289","karol_astrid","2022-05-03 18:13:48 UTC","2022-05-03 18:13:48 UTC",1,1,1,"principiante"
"290","karuquebec","2022-10-22 01:54:21 UTC","2022-10-28 03:26:08 UTC",34,7.06373842592593,4.81331526592354,"principiante"
"291","kathy73","2020-03-09 01:38:46 UTC","2022-08-30 01:15:59 UTC",3,904.984178240741,0.00331497508147811,"principiante"
"292","katie2012","2020-02-22 23:16:47 UTC","2021-08-15 14:15:26 UTC",2,540.6240625,0.00369942838051164,"principiante"
"293","katiedavis2","2018-08-21 14:08:19 UTC","2018-08-21 14:08:19 UTC",1,1,1,"principiante"
"294","kattytechera","2020-09-18 19:59:46 UTC","2020-09-18 19:59:46 UTC",1,1,1,"principiante"
"295","kenchamberlain","2019-03-25 20:57:39 UTC","2019-03-27 21:20:34 UTC",11,3.01591435185185,3.64731843039432,"principiante"
"296","kenia_radilla_torres","2017-11-13 23:21:53 UTC","2017-11-13 23:21:53 UTC",1,1,1,"principiante"
"297","kim231","2018-07-01 01:53:03 UTC","2018-07-01 01:53:03 UTC",1,1,1,"principiante"
"298","kristofz","2019-02-10 22:11:28 UTC","2019-02-12 22:29:50 UTC",14,3.01275462962963,4.64691012746733,"principiante"
"299","kurzchr","2018-10-03 15:15:49 UTC","2018-10-03 15:15:49 UTC",1,1,1,"principiante"
"300","kvandergrift","2022-03-01 20:37:21 UTC","2022-03-01 20:37:21 UTC",1,1,1,"principiante"
"301","kwright","2021-10-25 19:20:02 UTC","2021-10-25 19:20:02 UTC",1,1,1,"principiante"
"302","lacastilla","2022-02-03 23:54:14 UTC","2022-02-04 00:19:33 UTC",3,1.01758101851852,2.94816820027525,"principiante"
"303","lalin","2020-11-02 02:48:25 UTC","2022-10-02 19:25:08 UTC",4,700.692164351852,0.0057086409745998,"principiante"
"304","lalytha3","2020-04-01 04:58:25 UTC","2020-04-01 04:58:25 UTC",1,1,1,"principiante"
"305","laraeva","2022-03-19 23:16:29 UTC","2022-03-22 00:23:11 UTC",3,3.04631944444444,0.984794948366654,"principiante"
"306","larahergenreder","2019-12-29 17:11:31 UTC","2020-01-09 04:56:39 UTC",12,11.4896759259259,1.04441588060135,"principiante"
"307","lauraalmada","2021-01-03 22:35:44 UTC","2022-10-29 14:52:56 UTC",5,664.678611111111,0.00752243252064594,"principiante"
"308","laurabm2020","2022-02-14 19:01:28 UTC","2022-02-14 19:56:11 UTC",7,1.03799768518519,6.74375299666604,"principiante"
"309","lblanch","2022-08-26 11:09:49 UTC","2022-08-26 11:09:49 UTC",1,1,1,"principiante"
"310","leerickson","2020-01-09 20:55:02 UTC","2020-01-09 20:55:02 UTC",1,1,1,"principiante"
"311","leydefomentoagropecuario","2015-07-20 16:50:39 UTC","2015-07-20 16:50:39 UTC",1,1,1,"principiante"
"312","licagus","2019-12-15 15:26:36 UTC","2019-12-15 15:26:36 UTC",1,1,1,"principiante"
"313","lichen19","2021-05-03 19:30:46 UTC","2021-05-03 19:30:46 UTC",1,1,1,"principiante"
"314","linamariamon","2020-04-12 18:02:39 UTC","2020-05-04 03:50:09 UTC",10,22.4079861111111,0.446269466181142,"principiante"
"315","lindaloren","2020-02-01 22:14:07 UTC","2020-02-01 22:23:49 UTC",5,1.00673611111111,4.9665448023729,"principiante"
"316","lito6","2020-04-19 01:18:19 UTC","2020-04-19 01:18:19 UTC",1,1,1,"principiante"
"317","liuid","2018-04-30 00:29:09 UTC","2020-02-06 18:25:52 UTC",140,648.747719907407,0.215800373094154,"intermedio"
"318","ljbrown","2017-11-17 22:03:11 UTC","2017-11-24 18:10:34 UTC",18,7.83846064814815,2.29636925003285,"principiante"
"319","lorena190","2020-08-05 11:54:04 UTC","2020-08-05 11:54:04 UTC",1,1,1,"principiante"
"320","lsimuns","2018-11-05 05:17:02 UTC","2018-11-05 05:17:02 UTC",1,1,1,"principiante"
"321","luca284","2019-07-14 20:07:06 UTC","2019-07-14 20:07:06 UTC",1,1,1,"principiante"
"322","lucas_irigoytia","2022-10-20 22:29:34 UTC","2022-10-20 22:31:28 UTC",2,1.00131944444444,1.99736458839032,"principiante"
"323","lucaskaminski","2020-01-26 13:53:58 UTC","2022-10-25 14:07:32 UTC",5,1004.0094212963,0.00498003294983468,"principiante"
"324","luccar511","2022-04-22 18:43:18 UTC","2022-04-22 18:43:18 UTC",1,1,1,"principiante"
"325","luciano115","2021-10-14 20:29:05 UTC","2021-10-28 20:54:54 UTC",3,15.0179282407407,0.199761242157329,"principiante"
"326","luis_cubas","2020-10-19 21:05:02 UTC","2020-10-20 12:18:18 UTC",2,1.63421296296296,1.22383070341936,"principiante"
"327","luisfelipe4","2019-12-31 00:13:51 UTC","2022-03-26 20:07:39 UTC",7,817.829027777778,0.00855924620213169,"principiante"
"328","luisgustavoviteri","2021-06-17 00:22:22 UTC","2021-06-17 00:22:22 UTC",1,1,1,"principiante"
"329","luizalb","2020-02-25 13:48:37 UTC","2020-02-25 13:48:37 UTC",1,1,1,"principiante"
"330","luna02","2020-08-05 16:16:53 UTC","2020-08-05 16:16:53 UTC",1,1,1,"principiante"
"331","lzgd","2015-07-18 21:21:49 UTC","2015-07-18 21:26:45 UTC",2,1.00342592592593,1.99317154193965,"principiante"
"332","mabelaliciacurbelomachado","2019-11-03 22:18:42 UTC","2021-02-14 17:03:09 UTC",2,469.780868055556,0.0042573040666345,"principiante"
"333","macacito","2022-10-10 17:33:45 UTC","2022-10-15 03:06:24 UTC",2,5.39767361111111,0.370529999421047,"principiante"
"334","madhipp11","2020-05-28 22:43:38 UTC","2020-05-28 22:43:38 UTC",1,1,1,"principiante"
"335","maelpoujouly","2020-08-04 13:28:50 UTC","2020-08-04 15:43:04 UTC",2,1.09321759259259,1.82946196031931,"principiante"
"336","mainesu","2020-01-30 14:55:57 UTC","2020-02-03 19:03:41 UTC",15,5.17203703703704,2.90021124995524,"principiante"
"337","malba1900268","2021-09-27 14:41:37 UTC","2021-09-27 14:41:37 UTC",1,1,1,"principiante"
"338","manequinho","2022-10-28 14:13:50 UTC","2022-11-07 21:22:46 UTC",3,11.2978703703704,0.26553676946655,"principiante"
"339","manuel452","2020-01-15 01:33:11 UTC","2020-01-21 18:34:22 UTC",4,7.70915509259259,0.518863604630738,"principiante"
"340","manuelmza","2022-04-12 02:32:24 UTC","2022-04-13 16:04:53 UTC",6,2.56422453703704,2.33988869279482,"principiante"
"341","maranduva","2022-01-03 16:49:54 UTC","2022-01-03 16:49:54 UTC",1,1,1,"principiante"
"342","mararodrguez","2022-01-13 20:02:04 UTC","2022-01-13 20:02:04 UTC",1,1,1,"principiante"
"343","marcela212","2022-03-20 21:52:15 UTC","2022-03-20 22:15:41 UTC",21,1.01627314814815,20.6637359633738,"principiante"
"344","marcos_anders","2019-12-11 01:01:23 UTC","2019-12-11 01:21:16 UTC",2,1.01380787037037,1.97276038039569,"principiante"
"345","maria_mandinga","2017-11-19 13:27:53 UTC","2017-11-19 13:27:54 UTC",2,1.00001157407407,1.99997685211977,"principiante"
"346","mariaalmada","2019-04-09 00:04:01 UTC","2019-04-09 00:04:01 UTC",1,1,1,"principiante"
"347","mariacastro1","2019-01-18 19:57:00 UTC","2019-01-18 19:57:00 UTC",1,1,1,"principiante"
"348","mariajulianafajardo11a","2022-10-30 19:18:24 UTC","2022-10-30 19:18:26 UTC",4,1.00002314814815,3.99990740955071,"principiante"
"349","mariana_silva","2020-10-13 01:38:31 UTC","2020-10-13 01:38:31 UTC",1,1,1,"principiante"
"350","mariana569","2022-02-27 11:13:06 UTC","2022-04-24 13:17:23 UTC",3,57.0863078703704,0.0525520061099817,"principiante"
"351","mariana912","2022-05-06 21:44:31 UTC","2022-05-06 21:50:20 UTC",3,1.00403935185185,2.98793069660745,"principiante"
"352","mariana921","2022-09-07 12:11:18 UTC","2022-09-28 09:48:58 UTC",13,21.9011574074074,0.593575935653663,"principiante"
"353","mariana964","2022-09-08 02:08:13 UTC","2022-09-08 02:08:13 UTC",1,1,1,"principiante"
"354","marianaolhaberriet","2019-01-20 01:28:45 UTC","2019-01-20 01:28:45 UTC",1,1,1,"principiante"
"355","marina296","2019-11-22 21:12:23 UTC","2019-11-23 21:17:55 UTC",2,2.00384259259259,0.998082388004528,"principiante"
"356","mario775","2021-12-06 15:56:16 UTC","2022-03-29 14:21:48 UTC",2,113.934398148148,0.0175539611610482,"principiante"
"357","marisnocatpiss","2020-01-14 21:15:28 UTC","2020-01-30 18:25:01 UTC",11,16.8816319444444,0.651595772031979,"principiante"
"358","marisol106","2021-09-24 22:59:35 UTC","2021-09-24 22:59:35 UTC",1,1,1,"principiante"
"359","martha325","2021-10-25 15:34:11 UTC","2022-08-23 13:15:02 UTC",3,302.903368055556,0.00990414870345637,"principiante"
"360","mateo310","2022-10-05 01:14:00 UTC","2022-10-05 01:14:00 UTC",1,1,1,"principiante"
"361","matt260","2020-02-09 23:04:58 UTC","2020-02-13 00:00:09 UTC",5,4.03832175925926,1.23813809252216,"principiante"
"362","mattclark72","2015-11-07 00:47:05 UTC","2015-11-07 00:47:05 UTC",1,1,1,"principiante"
"363","mattlanas","2019-07-30 18:27:54 UTC","2019-07-30 18:27:54 UTC",1,1,1,"principiante"
"364","mauri12","2019-11-08 17:19:59 UTC","2019-11-08 17:19:59 UTC",1,1,1,"principiante"
"365","mauriciouhle","2018-12-05 01:48:35 UTC","2022-06-25 00:08:10 UTC",3,1298.9302662037,0.00230959280729357,"principiante"
"366","maximiliano68","2022-05-31 01:01:39 UTC","2022-10-17 01:32:18 UTC",3,140.021284722222,0.0214253140581553,"principiante"
"367","maxwell42","2020-04-25 20:29:56 UTC","2020-04-25 20:35:19 UTC",4,1.00373842592593,3.9851019913979,"principiante"
"368","mbernini","2018-10-24 00:08:36 UTC","2018-10-24 00:08:36 UTC",2,1,2,"principiante"
"369","megtc","2017-07-24 18:52:31 UTC","2017-07-24 18:52:32 UTC",2,1.00001157407407,1.99997685211977,"principiante"
"370","mfaucher","2020-06-13 11:29:58 UTC","2020-06-13 11:41:48 UTC",2,1.00821759259259,1.98369877166801,"principiante"
"371","mgbv","2022-03-13 18:42:36 UTC","2022-03-13 18:42:36 UTC",1,1,1,"principiante"
"372","mgiudice","2018-11-19 15:05:11 UTC","2018-11-19 15:05:11 UTC",1,1,1,"principiante"
"373","micaela_botta","2021-04-03 20:22:22 UTC","2021-04-03 20:22:22 UTC",1,1,1,"principiante"
"374","micaela114","2022-10-23 15:22:27 UTC","2022-10-23 15:24:20 UTC",2,1.00130787037037,1.99738767584063,"principiante"
"375","mictini","2019-05-22 19:14:18 UTC","2019-05-22 19:14:18 UTC",1,1,1,"principiante"
"376","miguel537","2020-03-28 14:00:42 UTC","2020-03-28 14:00:42 UTC",1,1,1,"principiante"
"377","mimacoronel","2020-10-12 19:39:20 UTC","2020-10-14 19:23:20 UTC",10,2.98888888888889,3.3457249070632,"principiante"
"378","mirian6","2018-12-22 20:53:05 UTC","2018-12-22 20:53:05 UTC",1,1,1,"principiante"
"379","mjbirder","2019-10-30 00:47:03 UTC","2020-04-14 17:17:29 UTC",21,168.687800925926,0.124490329974848,"principiante"
"380","mjfeldman","2019-01-11 02:59:33 UTC","2019-09-06 16:08:10 UTC",3,239.547650462963,0.012523604360978,"principiante"
"381","moalbar","2022-10-16 13:21:50 UTC","2022-10-16 13:21:50 UTC",1,1,1,"principiante"
"382","mokperu","2019-05-14 02:04:58 UTC","2021-05-07 01:17:36 UTC",7,724.967106481481,0.0096556104924173,"principiante"
"383","mstrimas","2018-11-22 13:02:12 UTC","2018-11-22 13:02:12 UTC",1,1,1,"principiante"
"384","mulix","2017-11-29 18:34:38 UTC","2017-11-29 18:34:38 UTC",1,1,1,"principiante"
"385","muricio","2022-10-29 18:55:27 UTC","2022-10-29 18:55:27 UTC",1,1,1,"principiante"
"386","nachobarragan","2022-10-12 01:52:03 UTC","2022-10-12 01:52:03 UTC",1,1,1,"principiante"
"387","nataliasolari","2020-02-09 02:12:28 UTC","2020-02-09 02:12:28 UTC",1,1,1,"principiante"
"388","natalieraeber","2019-12-19 22:47:01 UTC","2022-01-09 07:53:40 UTC",124,752.379618055556,0.164810418868689,"principiante"
"389","natforlife","2020-03-15 19:42:42 UTC","2020-03-21 19:18:02 UTC",9,6.98287037037037,1.28886826228204,"principiante"
"390","natifrog","2020-12-19 22:00:06 UTC","2020-12-19 22:00:06 UTC",1,1,1,"principiante"
"391","naturegirl52","2019-06-24 22:26:59 UTC","2019-06-24 22:26:59 UTC",1,1,1,"principiante"
"392","nic_venter","2019-12-01 10:08:40 UTC","2020-03-24 15:13:53 UTC",71,115.211956018519,0.616255486440903,"intermedio"
"393","nicoolejnik","2014-09-24 13:17:41 UTC","2014-12-20 23:40:56 UTC",7,88.3911458333333,0.0791934523984892,"principiante"
"394","nikolai_b","2022-07-04 17:44:05 UTC","2022-07-04 17:44:07 UTC",4,1.00002314814815,3.99990740955071,"principiante"
"395","ninawenoli","2022-01-23 22:30:48 UTC","2022-08-09 22:48:48 UTC",17,199.0125,0.0854217699893223,"principiante"
"396","nmuzzachiodi","2022-06-20 22:47:28 UTC","2022-06-20 23:11:58 UTC",4,1.01701388888889,3.93308296346876,"principiante"
"397","noammarkus","2021-08-12 13:18:58 UTC","2021-12-21 01:33:22 UTC",3,131.51,0.0228119534636149,"principiante"
"398","nosexd","2020-02-19 14:17:19 UTC","2020-02-21 20:39:41 UTC",6,3.26553240740741,1.83737267049925,"principiante"
"399","ocsedetled","2019-08-13 03:32:34 UTC","2019-08-13 03:32:34 UTC",1,1,1,"principiante"
"400","olivia466","2022-11-01 22:28:24 UTC","2022-11-01 22:28:24 UTC",1,1,1,"principiante"
"401","olwhaley","2018-01-05 21:46:06 UTC","2018-01-05 21:46:06 UTC",1,1,1,"principiante"
"402","ondrej-radosta","2017-01-12 21:29:44 UTC","2017-01-12 21:29:44 UTC",1,1,1,"principiante"
"403","opetrovych","2021-03-03 21:47:38 UTC","2021-03-12 21:56:01 UTC",40,10.0058217592593,3.99767265122273,"principiante"
"404","pablo_jusim","2020-06-25 21:19:08 UTC","2020-06-25 21:24:14 UTC",2,1.00354166666667,1.99294166493668,"principiante"
"405","pablo451","2022-03-27 21:28:00 UTC","2022-03-27 21:28:00 UTC",1,1,1,"principiante"
"406","pablobedrossian","2020-10-11 22:40:11 UTC","2020-10-11 22:40:13 UTC",7,1.00002314814815,6.99983796671373,"principiante"
"407","pablohcapovilla","2019-12-05 03:13:09 UTC","2019-12-05 03:13:09 UTC",1,1,1,"principiante"
"408","pabloreyesl","2018-09-16 21:56:37 UTC","2018-09-23 12:02:57 UTC",12,7.58773148148148,1.58150035083438,"principiante"
"409","paddy18","2020-05-21 21:14:04 UTC","2020-05-21 21:14:05 UTC",3,1.00001157407407,2.99996527817965,"principiante"
"410","pafracas","2019-06-27 02:20:48 UTC","2020-03-20 18:15:25 UTC",18,268.662928240741,0.0669984508762249,"principiante"
"411","pampa_grasslands","2021-08-16 19:36:53 UTC","2021-09-26 22:12:58 UTC",3,42.1083912037037,0.071244707153194,"principiante"
"412","patriciovillalba","2019-01-31 21:57:26 UTC","2019-01-31 21:57:26 UTC",1,1,1,"principiante"
"413","patrickgijsbers","2018-08-14 15:21:47 UTC","2018-08-14 15:21:47 UTC",1,1,1,"principiante"
"414","paulschrijvershof","2020-03-19 20:09:11 UTC","2020-03-19 20:32:50 UTC",10,1.01642361111111,9.8384176544939,"principiante"
"415","pcarreyes","2021-01-23 13:13:51 UTC","2021-01-23 13:13:51 UTC",2,1,2,"principiante"
"416","pdpratt","2021-05-28 03:36:17 UTC","2021-05-28 03:36:17 UTC",1,1,1,"principiante"
"417","pedro1203","2018-06-19 22:00:25 UTC","2021-04-19 11:59:03 UTC",3,1035.58238425926,0.00289692065604792,"principiante"
"418","pedrohenriquetunes","2021-03-28 04:11:45 UTC","2021-03-28 04:11:45 UTC",1,1,1,"principiante"
"419","peltzi","2022-02-16 20:40:39 UTC","2022-02-18 20:18:44 UTC",3,2.98478009259259,1.0050991721116,"principiante"
"420","petegordon","2022-08-10 00:23:14 UTC","2022-08-10 00:23:14 UTC",1,1,1,"principiante"
"421","petel979","2018-09-30 09:49:17 UTC","2018-09-30 15:53:03 UTC",2,1.25261574074074,1.59665884353113,"principiante"
"422","peter204","2021-02-18 17:35:48 UTC","2021-03-22 17:12:36 UTC",30,32.9838888888889,0.909534958144549,"principiante"
"423","phviny","2019-01-20 23:04:01 UTC","2020-01-24 23:23:42 UTC",123,370.013668981481,0.332420151770544,"intermedio"
"424","pipoca1730","2015-05-22 23:09:12 UTC","2016-12-23 00:22:02 UTC",34,581.050578703704,0.0585146994876976,"principiante"
"425","pjfayer","2020-03-10 19:17:32 UTC","2020-03-10 19:17:32 UTC",1,1,1,"principiante"
"426","pmontenu","2018-12-05 16:46:05 UTC","2019-03-07 15:32:53 UTC",3,92.9491666666667,0.0322757062552112,"principiante"
"427","polluelos","2019-02-20 01:08:36 UTC","2019-02-20 01:08:36 UTC",1,1,1,"principiante"
"428","prodenazas","2017-08-01 14:11:12 UTC","2017-08-01 14:11:13 UTC",2,1.00001157407407,1.99997685211977,"principiante"
"429","prokhozhyj","2020-09-17 20:46:23 UTC","2020-09-17 21:22:12 UTC",5,1.02487268518519,4.87865475612373,"principiante"
"430","psidium","2020-08-05 11:31:01 UTC","2020-08-05 11:31:01 UTC",1,1,1,"principiante"
"431","questagame","2018-12-29 02:27:32 UTC","2019-01-05 20:28:17 UTC",10,8.75052083333333,1.14278911969526,"principiante"
"432","r-a-p","2019-02-21 20:09:25 UTC","2019-11-15 10:20:13 UTC",5,267.590833333333,0.0186852439514308,"principiante"
"433","ramiro29","2019-11-17 16:02:19 UTC","2019-11-17 16:02:19 UTC",1,1,1,"principiante"
"434","rasec949","2020-06-08 01:28:44 UTC","2020-06-08 01:28:44 UTC",1,1,1,"principiante"
"435","remi_bigonneau","2019-11-22 22:45:28 UTC","2022-04-03 00:15:57 UTC",30,863.062835648148,0.0347599256518448,"principiante"
"436","renanmartini","2020-01-20 17:39:14 UTC","2020-02-27 19:40:55 UTC",7,39.0845023148148,0.179099120761906,"principiante"
"437","rguller","2019-12-17 11:19:25 UTC","2020-04-25 15:55:46 UTC",3,131.191909722222,0.0228672637386865,"principiante"
"438","rhyneelisabeth","2021-11-11 15:37:27 UTC","2021-11-11 15:37:27 UTC",1,1,1,"principiante"
"439","ricardoandrade","2022-07-30 23:57:29 UTC","2022-07-30 23:57:42 UTC",2,1.00015046296296,1.99969911934547,"principiante"
"440","rick-uhlen","2019-11-25 01:17:09 UTC","2020-01-01 02:40:37 UTC",77,38.057962962963,2.02322967403522,"principiante"
"441","rimfirejudd","2019-07-30 19:33:32 UTC","2019-07-30 19:42:20 UTC",2,1.00611111111111,1.98785201546107,"principiante"
"442","robertobattaglia","2019-05-19 23:11:40 UTC","2019-05-19 23:11:40 UTC",1,1,1,"principiante"
"443","rocio30","2019-01-06 12:14:39 UTC","2019-01-06 12:14:39 UTC",1,1,1,"principiante"
"444","rockybajada","2018-06-24 07:10:59 UTC","2018-06-24 07:40:08 UTC",5,1.02024305555556,4.90079297553007,"principiante"
"445","rogerio-gribel","2019-03-26 04:20:02 UTC","2019-05-11 02:24:12 UTC",6,46.9195601851852,0.127878436547973,"principiante"
"446","romigaleota","2018-10-10 18:33:39 UTC","2020-07-13 01:00:31 UTC",204,642.268657407407,0.317624093355995,"intermedio"
"447","romulocenci","2021-03-23 20:14:58 UTC","2021-03-23 20:14:58 UTC",1,1,1,"principiante"
"448","rosana_m","2021-09-30 15:30:34 UTC","2021-09-30 15:38:44 UTC",2,1.0056712962963,1.98872137184946,"principiante"
"449","rosasamperioventayol","2020-04-03 19:19:01 UTC","2020-04-03 19:19:01 UTC",1,1,1,"principiante"
"450","rosemary36","2021-05-08 19:00:17 UTC","2021-05-19 06:26:39 UTC",5,11.4766435185185,0.435667448582165,"principiante"
"451","roy51","2019-02-17 23:04:30 UTC","2019-02-17 23:04:30 UTC",1,1,1,"principiante"
"452","rubi52","2022-07-06 22:41:03 UTC","2022-09-22 22:56:55 UTC",3,79.0110185185185,0.0379693877670602,"principiante"
"453","rul92","2021-06-04 16:34:04 UTC","2021-06-04 16:34:04 UTC",1,1,1,"principiante"
"454","sabina17","2022-02-14 18:36:56 UTC","2022-02-15 19:53:32 UTC",2,2.05319444444444,0.974091862274234,"principiante"
"455","samberman","2022-06-12 20:56:55 UTC","2022-06-12 20:56:55 UTC",1,1,1,"principiante"
"456","samuel324","2022-05-19 13:41:48 UTC","2022-07-25 22:33:58 UTC",49,68.3695601851852,0.716693216502769,"principiante"
"457","san43","2021-03-25 21:10:44 UTC","2021-03-25 21:10:44 UTC",1,1,1,"principiante"
"458","sancabj88","2020-04-19 19:58:19 UTC","2020-04-19 20:08:13 UTC",3,1.006875,2.97951582867784,"principiante"
"459","sarah1398","2021-12-29 18:03:38 UTC","2021-12-31 23:34:18 UTC",3,3.22962962962963,0.928899082568807,"principiante"
"460","sasquatchtaco","2020-03-01 19:29:48 UTC","2020-03-06 19:01:47 UTC",3,5.98054398148148,0.501626609433754,"principiante"
"461","sdrov","2020-03-17 14:51:07 UTC","2020-03-18 04:04:02 UTC",82,1.55063657407407,52.8815077439821,"principiante"
"462","seano-rhodeisland","2022-05-04 20:09:22 UTC","2022-05-04 20:09:22 UTC",1,1,1,"principiante"
"463","seba_fornes","2022-01-08 16:26:11 UTC","2022-01-08 16:57:38 UTC",9,1.02184027777778,8.80763872370791,"principiante"
"464","sebastian1159","2022-10-21 17:19:15 UTC","2022-10-21 17:19:15 UTC",1,1,1,"principiante"
"465","sebastianlescano","2019-08-06 02:14:45 UTC","2019-09-11 21:57:39 UTC",56,37.8214583333333,1.48064095007794,"principiante"
"466","sebazep","2022-01-31 02:18:16 UTC","2022-01-31 02:18:16 UTC",1,1,1,"principiante"
"467","seigmond","2020-09-13 21:07:41 UTC","2020-09-13 21:07:41 UTC",1,1,1,"principiante"
"468","sergio366","2019-12-15 14:27:51 UTC","2019-12-19 14:44:48 UTC",6,5.01177083333333,1.19718163490117,"principiante"
"469","shling20","2018-07-10 01:22:57 UTC","2018-07-10 01:22:59 UTC",3,1.00002314814815,2.99993055716303,"principiante"
"470","siempreverde","2022-03-30 03:10:06 UTC","2022-04-04 03:11:24 UTC",7,6.00090277777778,1.16649115295152,"principiante"
"471","silvana149","2022-04-28 22:41:43 UTC","2022-04-28 22:41:43 UTC",1,1,1,"principiante"
"472","silvia235","2020-09-28 14:29:46 UTC","2020-09-28 14:29:46 UTC",1,1,1,"principiante"
"473","simontonge","2019-12-19 15:27:11 UTC","2019-12-30 12:20:35 UTC",2,11.8704166666667,0.168486082347573,"principiante"
"474","ska1","2019-07-19 21:58:34 UTC","2022-07-09 17:30:47 UTC",7,1086.81403935185,0.00644084429032093,"principiante"
"475","skycladtrvlr","2018-03-21 14:36:29 UTC","2018-12-15 23:41:08 UTC",3,270.378229166667,0.0110955678985187,"principiante"
"476","smerer","2019-07-06 23:59:00 UTC","2019-07-06 23:59:00 UTC",1,1,1,"principiante"
"477","smoghead","2022-09-14 13:39:20 UTC","2022-09-14 13:39:20 UTC",1,1,1,"principiante"
"478","sofia_amengual","2020-10-16 02:35:34 UTC","2020-10-16 02:35:34 UTC",1,1,1,"principiante"
"479","sofiatraballi","2022-01-26 02:42:28 UTC","2022-04-05 03:18:40 UTC",21,70.0251388888889,0.299892300582529,"principiante"
"480","solferres","2020-05-15 13:20:39 UTC","2021-04-09 17:32:31 UTC",2,330.174907407407,0.00605739550501993,"principiante"
"481","soti","2021-11-02 01:47:53 UTC","2021-11-22 21:49:22 UTC",3,21.8343634259259,0.137398097736059,"principiante"
"482","soulgazing","2022-10-25 13:23:02 UTC","2022-10-25 13:23:02 UTC",1,1,1,"principiante"
"483","spiegel","2021-09-25 01:35:51 UTC","2021-10-29 11:30:20 UTC",5,35.4128356481481,0.141191743289879,"principiante"
"484","srnaturaleza","2019-06-24 17:05:21 UTC","2019-06-24 17:05:21 UTC",1,1,1,"principiante"
"485","ssimeto","2022-09-24 04:45:13 UTC","2022-10-26 18:00:22 UTC",6,33.5521875,0.178825896225097,"principiante"
"486","stefan180","2022-09-02 14:37:03 UTC","2022-09-14 22:42:32 UTC",7,13.3371412037037,0.52485010791189,"principiante"
"487","stephen_wv","2019-12-03 23:04:02 UTC","2022-10-15 11:26:45 UTC",85,1047.51577546296,0.0811443626826844,"principiante"
"488","stephi1","2018-11-04 00:49:14 UTC","2018-11-04 00:49:14 UTC",1,1,1,"principiante"
"489","strawberryfeel","2020-11-20 16:00:51 UTC","2020-11-20 16:00:51 UTC",1,1,1,"principiante"
"490","superglamfab","2018-03-29 10:21:06 UTC","2018-03-29 10:21:06 UTC",1,1,1,"principiante"
"491","susan57","2017-03-25 17:55:39 UTC","2017-03-30 04:36:29 UTC",4,5.44502314814815,0.734615793389308,"principiante"
"492","susanacorrea","2020-08-06 20:51:04 UTC","2021-10-07 21:23:00 UTC",9,428.022175925926,0.0210269479157957,"principiante"
"493","sustentar","2018-09-26 13:07:12 UTC","2018-09-26 13:07:12 UTC",1,1,1,"principiante"
"494","taguato_","2020-11-30 10:29:10 UTC","2020-11-30 15:36:24 UTC",3,1.21335648148148,2.47248030219204,"principiante"
"495","tatiana81","2021-02-13 20:54:18 UTC","2021-02-13 20:54:18 UTC",1,1,1,"principiante"
"496","teyma","2022-09-06 20:55:48 UTC","2022-09-06 20:55:48 UTC",1,1,1,"principiante"
"497","thamisbarbs","2021-09-21 11:50:30 UTC","2021-09-21 11:50:30 UTC",1,1,1,"principiante"
"498","thuaniwagener","2020-09-14 00:00:02 UTC","2020-09-24 16:27:40 UTC",3,11.6858564814815,0.256720592517466,"principiante"
"499","tinanavajas","2019-02-04 08:08:23 UTC","2019-02-04 08:08:23 UTC",1,1,1,"principiante"
"500","tom_riggle","2022-03-13 18:05:36 UTC","2022-04-25 18:14:46 UTC",4,44.0063657407407,0.0908959404547427,"principiante"
"501","trekman","2019-05-12 23:31:11 UTC","2019-05-12 23:31:11 UTC",1,1,1,"principiante"
"502","udel-hoppers","2021-12-17 23:11:53 UTC","2021-12-17 23:11:53 UTC",1,1,1,"principiante"
"503","ulyanasimakova","2020-01-05 19:01:25 UTC","2020-01-05 19:01:25 UTC",1,1,1,"principiante"
"504","umadot","2021-06-14 12:49:41 UTC","2021-06-14 12:49:41 UTC",1,1,1,"principiante"
"505","uwekozina","2022-02-20 20:00:55 UTC","2022-02-20 20:00:55 UTC",2,1,2,"principiante"
"506","valearechichu","2020-08-07 14:31:24 UTC","2020-08-07 14:48:49 UTC",2,1.01209490740741,1.9760992623935,"principiante"
"507","valentinozky","2020-01-05 12:55:42 UTC","2020-01-05 12:55:42 UTC",1,1,1,"principiante"
"508","vascomendy","2022-04-05 22:03:27 UTC","2022-04-05 22:03:27 UTC",1,1,1,"principiante"
"509","vedrfolnir","2018-02-14 01:32:32 UTC","2018-02-14 01:38:10 UTC",2,1.00391203703704,1.99220641472019,"principiante"
"510","vegagerardogabriel","2020-05-21 19:02:19 UTC","2020-05-21 19:02:19 UTC",1,1,1,"principiante"
"511","vegapaez","2019-04-29 14:28:24 UTC","2019-05-03 00:44:33 UTC",54,4.42788194444444,12.195447095818,"principiante"
"512","verocrespoperez","2019-02-11 23:25:32 UTC","2019-02-17 01:23:37 UTC",3,6.08200231481482,0.493258608713855,"principiante"
"513","vickycodon","2021-12-20 22:55:39 UTC","2022-01-01 13:13:22 UTC",18,12.5956365740741,1.42906631944668,"principiante"
"514","victorialassaga","2020-02-26 05:46:33 UTC","2020-02-26 05:46:33 UTC",1,1,1,"principiante"
"515","victorwuth","2022-04-26 13:24:43 UTC","2022-04-26 13:24:43 UTC",1,1,1,"principiante"
"516","vinicius_s_domingues","2022-05-20 11:52:25 UTC","2022-05-20 11:52:25 UTC",1,1,1,"principiante"
"517","viole2309","2022-03-30 17:55:03 UTC","2022-03-31 19:38:05 UTC",10,2.07155092592593,4.82730106938128,"principiante"
"518","virgi_aranda","2022-02-20 20:35:42 UTC","2022-02-20 20:35:42 UTC",1,1,1,"principiante"
"519","vitorrolflaube","2022-08-06 12:07:00 UTC","2022-08-06 12:07:00 UTC",1,1,1,"principiante"
"520","vittoria_zanetti","2021-02-10 21:40:49 UTC","2021-02-10 21:40:49 UTC",1,1,1,"principiante"
"521","walterbustamante","2022-04-09 12:05:32 UTC","2022-10-12 02:46:53 UTC",4,186.612048611111,0.0214348431935163,"principiante"
"522","walterlir81","2020-12-19 22:08:48 UTC","2022-05-25 01:49:30 UTC",30,522.153263888889,0.0574543952412865,"principiante"
"523","weba69","2021-12-12 11:54:11 UTC","2022-03-05 13:30:09 UTC",165,84.0666435185185,1.96272853410227,"principiante"
"524","weecorbie","2022-05-27 21:44:32 UTC","2022-05-27 21:44:32 UTC",1,1,1,"principiante"
"525","weleaf","2017-07-08 19:43:56 UTC","2017-07-28 22:58:35 UTC",17,21.1351736111111,0.804346361794862,"principiante"
"526","whale_nerd","2022-10-24 09:01:23 UTC","2022-10-24 09:09:24 UTC",3,1.00556712962963,2.98339107514877,"principiante"
"527","xiberve","2020-01-03 13:02:11 UTC","2020-01-03 13:05:00 UTC",3,1.00195601851852,2.99414340006238,"principiante"
"528","ximena87","2022-01-30 06:09:37 UTC","2022-01-30 06:09:37 UTC",1,1,1,"principiante"
"529","xolmis-irupero","2020-04-06 20:47:33 UTC","2020-04-18 00:23:07 UTC",42,12.1496990740741,3.4568757418546,"principiante"
"530","yoha_fer","2022-04-02 23:45:12 UTC","2022-07-10 00:00:59 UTC",4,99.0109606481481,0.0403995676217572,"principiante"
"531","yotaut","2018-03-26 20:32:18 UTC","2022-05-07 19:35:05 UTC",19,1503.9602662037,0.0126333124796972,"principiante"
"532","ysabelrodriguez","2020-11-17 02:44:43 UTC","2020-11-17 02:44:43 UTC",1,1,1,"principiante"
"533","yvesbas","2018-11-26 15:59:42 UTC","2018-11-26 16:02:50 UTC",3,1.00217592592593,2.99348639534347,"principiante"
"534","z_mcgrath","2020-02-11 18:42:29 UTC","2021-02-28 08:50:42 UTC",33,383.589039351852,0.0860295697076223,"principiante"
"535","zacharyhurwitz","2019-12-21 18:58:50 UTC","2019-12-21 18:58:50 UTC",1,1,1,"principiante"
"536","zebra1193","2020-08-13 19:04:09 UTC","2020-08-13 19:08:35 UTC",5,1.0030787037037,4.9846537281056,"principiante"
